{"val_confidence_loss":0.6908478349637074,"val_r2":-0.09149830432454492,"val_bn_loss":1.2715124324628502,"val_mse":1.0960662364959717,"val_mean_difference":0.26001593470573425,"train_total_loss":1.7384652233427498,"val_kl_loss":0.07062445244022236,"train_confidence_loss":0.6906768079775913,"val_pearson_correlation":0.0005868968103050165,"train_kl_loss":0.16276270236558976,"val_rmse":1.0461875200271606,"train_uncertainty_loss":2.3515956424603797,"val_mape":896.3606248236006,"val_std_difference":0.8629567623138428,"val_reconstruction_loss":0.6020203339066476,"val_spearman_correlation":0.001583596652179137,"_runtime":2670.316022223,"train_reconstruction_loss":0.6290578591595789,"_timestamp":1.7296949909467902e+09,"val_kl_divergence":130.29421133935068,"_wandb":{"runtime":2670},"_step":9,"val_mae":0.8549332618713379,"val_nrmse":0.1902450549461301,"train_bn_loss":1.2848348275871033,"val_uncertainty_loss":2.1467992340683177,"val_total_loss":1.5921657062639856}